{"cameraMode":{"drawMode":0,"name":"Shaded","section":"Shading Mode"},"sceneLighting":true,"audioPlay":false,"sceneViewState":{"showFog":false,"showMaterialUpdate":false,"showSkybox":false,"showFlares":false,"showImageEffects":false,"showParticleSystems":false},"in2DMode":false,"pivot":{"x":5.960464477539063e-8,"y":0.7141001224517822,"z":0.029300019145011903},"rotation":{"x":-0.22909124195575715,"y":0.6817895770072937,"z":-0.23949408531188966,"w":-0.6521711945533752},"size":901.268310546875,"orthographic":false}