{"cameraMode":{"drawMode":0,"name":"Shaded","section":"Shading Mode"},"sceneLighting":true,"audioPlay":false,"sceneViewState":{"showFog":false,"showMaterialUpdate":false,"showSkybox":false,"showFlares":false,"showImageEffects":false,"showParticleSystems":false},"in2DMode":false,"pivot":{"x":3.016022205352783,"y":1.227470874786377,"z":1.6046991348266602},"rotation":{"x":0.02719731442630291,"y":0.962881863117218,"z":-0.10616029053926468,"w":0.24668599665164948},"size":15.487027168273926,"orthographic":false}