{"cameraMode":{"drawMode":0,"name":"Shaded","section":"Shading Mode"},"sceneLighting":true,"audioPlay":false,"sceneViewState":{"showFog":false,"showMaterialUpdate":false,"showSkybox":false,"showFlares":false,"showImageEffects":false,"showParticleSystems":false},"in2DMode":false,"pivot":{"x":0.000004947185516357422,"y":0.7140793800354004,"z":0.029311373829841615},"rotation":{"x":0.031860943883657458,"y":0.9632440209388733,"z":-0.2314475178718567,"w":0.13260126113891602},"size":3.4414780139923097,"orthographic":false}